INSERT INTO M_USER (USER_ID, USER_NAME, ROLE_CODE, CREATED_AT, CREATED_BY, UPDATED_AT, UPDATED_BY, VERSION) VALUES
('USER01', '利用者01', 'USER', TIMESTAMP '2026-01-01 09:00:00', 'SYSTEM', TIMESTAMP '2026-01-01 09:00:00', 'SYSTEM', 0),
('USER02', '利用者02', 'USER', TIMESTAMP '2026-01-01 09:00:00', 'SYSTEM', TIMESTAMP '2026-01-01 09:00:00', 'SYSTEM', 0),
('USER03', '利用者03', 'USER', TIMESTAMP '2026-01-01 09:00:00', 'SYSTEM', TIMESTAMP '2026-01-01 09:00:00', 'SYSTEM', 0),
('USER04', '利用者04', 'USER', TIMESTAMP '2026-01-01 09:00:00', 'SYSTEM', TIMESTAMP '2026-01-01 09:00:00', 'SYSTEM', 0),
('ADMIN1', '管理者01', 'ADMIN', TIMESTAMP '2026-01-01 09:00:00', 'SYSTEM', TIMESTAMP '2026-01-01 09:00:00', 'SYSTEM', 0),
('ADMIN2', '管理者02', 'ADMIN', TIMESTAMP '2026-01-01 09:00:00', 'SYSTEM', TIMESTAMP '2026-01-01 09:00:00', 'SYSTEM', 0);

INSERT INTO M_EQUIPMENT (EQUIPMENT_ID, EQUIPMENT_CODE, EQUIPMENT_NAME, EQUIPMENT_TYPE, STORAGE_LOCATION, STATUS_CODE, REMARKS, CREATED_AT, CREATED_BY, UPDATED_AT, UPDATED_BY, VERSION) VALUES
(1001, 'EQ-0001', '長机 2台', 'DESK', '第1倉庫', 'PENDING_LENDING', NULL, TIMESTAMP '2026-01-01 09:00:00', 'SYSTEM', TIMESTAMP '2026-01-01 09:00:00', 'SYSTEM', 0),
(1002, 'EQ-0002', '長机 2台', 'DESK', '第1倉庫', 'LENT', NULL, TIMESTAMP '2026-01-01 09:00:00', 'SYSTEM', TIMESTAMP '2026-01-01 09:00:00', 'SYSTEM', 0),
(1003, 'EQ-0003', '長机 2台', 'DESK', '第1倉庫', 'LENT', NULL, TIMESTAMP '2026-01-01 09:00:00', 'SYSTEM', TIMESTAMP '2026-01-01 09:00:00', 'SYSTEM', 0),
(1004, 'EQ-0004', '長机 2台', 'DESK', '第1倉庫', 'PENDING_LENDING', NULL, TIMESTAMP '2026-01-01 09:00:00', 'SYSTEM', TIMESTAMP '2026-01-01 09:00:00', 'SYSTEM', 0),
(1005, 'EQ-0005', '長机 2台', 'DESK', '第1倉庫', 'PENDING_LENDING', NULL, TIMESTAMP '2026-01-01 09:00:00', 'SYSTEM', TIMESTAMP '2026-01-01 09:00:00', 'SYSTEM', 0),
(1006, 'EQ-0006', '長机 2台', 'DESK', '第1倉庫', 'PENDING_LENDING', NULL, TIMESTAMP '2026-01-01 09:00:00', 'SYSTEM', TIMESTAMP '2026-01-01 09:00:00', 'SYSTEM', 0),
(1007, 'EQ-0007', '長机 3台', 'DESK', '第1倉庫', 'LENT', NULL, TIMESTAMP '2026-01-01 09:00:00', 'SYSTEM', TIMESTAMP '2026-01-01 09:00:00', 'SYSTEM', 0),
(1008, 'EQ-0008', '長机 3台', 'DESK', '第1倉庫', 'LENT', NULL, TIMESTAMP '2026-01-01 09:00:00', 'SYSTEM', TIMESTAMP '2026-01-01 09:00:00', 'SYSTEM', 0),
(1009, 'EQ-0009', '長机 3台', 'DESK', '第1倉庫', 'AVAILABLE', NULL, TIMESTAMP '2026-01-01 09:00:00', 'SYSTEM', TIMESTAMP '2026-01-01 09:00:00', 'SYSTEM', 0),
(1010, 'EQ-0010', '長机 3台', 'DESK', '第1倉庫', 'AVAILABLE', NULL, TIMESTAMP '2026-01-01 09:00:00', 'SYSTEM', TIMESTAMP '2026-01-01 09:00:00', 'SYSTEM', 0),
(1011, 'EQ-0011', 'パイプ椅子 2脚', 'PIPE_CHAIR', '第2倉庫', 'LENT', NULL, TIMESTAMP '2026-01-01 09:00:00', 'SYSTEM', TIMESTAMP '2026-01-01 09:00:00', 'SYSTEM', 0),
(1012, 'EQ-0012', 'パイプ椅子 2脚', 'PIPE_CHAIR', '第2倉庫', 'LENT', NULL, TIMESTAMP '2026-01-01 09:00:00', 'SYSTEM', TIMESTAMP '2026-01-01 09:00:00', 'SYSTEM', 0),
(1013, 'EQ-0013', 'パイプ椅子 2脚', 'PIPE_CHAIR', '第2倉庫', 'PENDING_LENDING', NULL, TIMESTAMP '2026-01-01 09:00:00', 'SYSTEM', TIMESTAMP '2026-01-01 09:00:00', 'SYSTEM', 0),
(1014, 'EQ-0014', 'パイプ椅子 2脚', 'PIPE_CHAIR', '第2倉庫', 'PENDING_LENDING', NULL, TIMESTAMP '2026-01-01 09:00:00', 'SYSTEM', TIMESTAMP '2026-01-01 09:00:00', 'SYSTEM', 0),
(1015, 'EQ-0015', 'パイプ椅子 2脚', 'PIPE_CHAIR', '第2倉庫', 'AVAILABLE', NULL, TIMESTAMP '2026-01-01 09:00:00', 'SYSTEM', TIMESTAMP '2026-01-01 09:00:00', 'SYSTEM', 0),
(1016, 'EQ-0016', 'パイプ椅子 2脚', 'PIPE_CHAIR', '第2倉庫', 'AVAILABLE', NULL, TIMESTAMP '2026-01-01 09:00:00', 'SYSTEM', TIMESTAMP '2026-01-01 09:00:00', 'SYSTEM', 0),
(1017, 'EQ-0017', 'パイプ椅子 3脚', 'PIPE_CHAIR', '第2倉庫', 'AVAILABLE', NULL, TIMESTAMP '2026-01-01 09:00:00', 'SYSTEM', TIMESTAMP '2026-01-01 09:00:00', 'SYSTEM', 0),
(1018, 'EQ-0018', 'パイプ椅子 3脚', 'PIPE_CHAIR', '第2倉庫', 'AVAILABLE', NULL, TIMESTAMP '2026-01-01 09:00:00', 'SYSTEM', TIMESTAMP '2026-01-01 09:00:00', 'SYSTEM', 0),
(1019, 'EQ-0019', 'パイプ椅子 3脚', 'PIPE_CHAIR', '第2倉庫', 'AVAILABLE', NULL, TIMESTAMP '2026-01-01 09:00:00', 'SYSTEM', TIMESTAMP '2026-01-01 09:00:00', 'SYSTEM', 0),
(1020, 'EQ-0020', 'パイプ椅子 3脚', 'PIPE_CHAIR', '第2倉庫', 'AVAILABLE', NULL, TIMESTAMP '2026-01-01 09:00:00', 'SYSTEM', TIMESTAMP '2026-01-01 09:00:00', 'SYSTEM', 0),
(1021, 'EQ-0021', 'プロジェクター', 'PROJECTOR', '映像機材庫', 'AVAILABLE', NULL, TIMESTAMP '2026-01-01 09:00:00', 'SYSTEM', TIMESTAMP '2026-01-01 09:00:00', 'SYSTEM', 0),
(1022, 'EQ-0022', 'プロジェクター', 'PROJECTOR', '映像機材庫', 'AVAILABLE', NULL, TIMESTAMP '2026-01-01 09:00:00', 'SYSTEM', TIMESTAMP '2026-01-01 09:00:00', 'SYSTEM', 0);

INSERT INTO T_LENDING_REQUEST (LENDING_REQUEST_ID, APPLICANT_USER_ID, REVIEWED_BY_USER_ID, RETURN_CONFIRMED_BY_USER_ID, STATUS_CODE, REQUEST_COMMENT, REVIEW_COMMENT, RETURN_REQUEST_COMMENT, RETURN_CONFIRM_COMMENT, REQUESTED_AT, REVIEWED_AT, RETURN_REQUESTED_AT, COMPLETED_AT, CREATED_AT, CREATED_BY, UPDATED_AT, UPDATED_BY, VERSION) VALUES
(2001, 'USER02', NULL, NULL, 'PENDING_APPROVAL', '長机を申請する。', NULL, NULL, NULL, TIMESTAMP '2026-01-10 09:00:00', NULL, NULL, NULL, TIMESTAMP '2026-01-10 09:00:00', 'SYSTEM', TIMESTAMP '2026-01-10 09:00:00', 'SYSTEM', 0),
(2002, 'USER02', 'ADMIN1', NULL, 'LENT', '長机を貸し出してほしい。', '承認済み。', NULL, NULL, TIMESTAMP '2026-01-11 09:00:00', TIMESTAMP '2026-01-11 10:00:00', NULL, NULL, TIMESTAMP '2026-01-11 09:00:00', 'SYSTEM', TIMESTAMP '2026-01-11 10:00:00', 'SYSTEM', 1),
(2003, 'USER02', 'ADMIN1', NULL, 'PENDING_RETURN_CONFIRMATION', '椅子を貸し出してほしい。', '承認済み。', '返却したので確認を依頼する。', NULL, TIMESTAMP '2026-01-12 09:00:00', TIMESTAMP '2026-01-12 10:00:00', TIMESTAMP '2026-01-14 17:00:00', NULL, TIMESTAMP '2026-01-12 09:00:00', 'SYSTEM', TIMESTAMP '2026-01-14 17:00:00', 'SYSTEM', 2),
(2004, 'USER02', 'ADMIN2', NULL, 'REJECTED', 'プロジェクターを申請する。', '利用目的が不足しているため却下。', NULL, NULL, TIMESTAMP '2026-01-13 09:00:00', TIMESTAMP '2026-01-13 11:00:00', NULL, NULL, TIMESTAMP '2026-01-13 09:00:00', 'SYSTEM', TIMESTAMP '2026-01-13 11:00:00', 'SYSTEM', 1),
(2005, 'USER02', 'ADMIN1', 'ADMIN1', 'COMPLETED', '会議用に備品を申請する。', '承認済み。', '返却済み。', '返却確認済み。', TIMESTAMP '2026-01-14 09:00:00', TIMESTAMP '2026-01-14 10:00:00', TIMESTAMP '2026-01-16 16:00:00', TIMESTAMP '2026-01-16 17:00:00', TIMESTAMP '2026-01-14 09:00:00', 'SYSTEM', TIMESTAMP '2026-01-16 17:00:00', 'SYSTEM', 3),
(2006, 'USER03', NULL, NULL, 'PENDING_APPROVAL', '長机を申請する。', NULL, NULL, NULL, TIMESTAMP '2026-01-15 09:00:00', NULL, NULL, NULL, TIMESTAMP '2026-01-15 09:00:00', 'SYSTEM', TIMESTAMP '2026-01-15 09:00:00', 'SYSTEM', 0),
(2007, 'USER03', 'ADMIN2', NULL, 'LENT', '長机を貸し出してほしい。', '承認済み。', NULL, NULL, TIMESTAMP '2026-01-16 09:00:00', TIMESTAMP '2026-01-16 10:00:00', NULL, NULL, TIMESTAMP '2026-01-16 09:00:00', 'SYSTEM', TIMESTAMP '2026-01-16 10:00:00', 'SYSTEM', 1),
(2008, 'USER03', 'ADMIN2', NULL, 'PENDING_RETURN_CONFIRMATION', '椅子を貸し出してほしい。', '承認済み。', '返却したので確認を依頼する。', NULL, TIMESTAMP '2026-01-17 09:00:00', TIMESTAMP '2026-01-17 10:00:00', TIMESTAMP '2026-01-19 17:00:00', NULL, TIMESTAMP '2026-01-17 09:00:00', 'SYSTEM', TIMESTAMP '2026-01-19 17:00:00', 'SYSTEM', 2),
(2009, 'USER03', 'ADMIN1', NULL, 'REJECTED', 'プロジェクターを申請する。', '利用日時が重複しているため却下。', NULL, NULL, TIMESTAMP '2026-01-18 09:00:00', TIMESTAMP '2026-01-18 11:00:00', NULL, NULL, TIMESTAMP '2026-01-18 09:00:00', 'SYSTEM', TIMESTAMP '2026-01-18 11:00:00', 'SYSTEM', 1),
(2010, 'USER03', 'ADMIN2', 'ADMIN2', 'COMPLETED', '会議用に備品を申請する。', '承認済み。', '返却済み。', '返却確認済み。', TIMESTAMP '2026-01-19 09:00:00', TIMESTAMP '2026-01-19 10:00:00', TIMESTAMP '2026-01-21 16:00:00', TIMESTAMP '2026-01-21 17:00:00', TIMESTAMP '2026-01-19 09:00:00', 'SYSTEM', TIMESTAMP '2026-01-21 17:00:00', 'SYSTEM', 3),
(2011, 'USER04', NULL, NULL, 'PENDING_APPROVAL', '長机を申請する。', NULL, NULL, NULL, TIMESTAMP '2026-01-20 09:00:00', NULL, NULL, NULL, TIMESTAMP '2026-01-20 09:00:00', 'SYSTEM', TIMESTAMP '2026-01-20 09:00:00', 'SYSTEM', 0),
(2012, 'USER04', 'ADMIN1', NULL, 'LENT', '長机を貸し出してほしい。', '承認済み。', NULL, NULL, TIMESTAMP '2026-01-21 09:00:00', TIMESTAMP '2026-01-21 10:00:00', NULL, NULL, TIMESTAMP '2026-01-21 09:00:00', 'SYSTEM', TIMESTAMP '2026-01-21 10:00:00', 'SYSTEM', 1),
(2013, 'USER04', 'ADMIN1', NULL, 'PENDING_RETURN_CONFIRMATION', '椅子を貸し出してほしい。', '承認済み。', '返却したので確認を依頼する。', NULL, TIMESTAMP '2026-01-22 09:00:00', TIMESTAMP '2026-01-22 10:00:00', TIMESTAMP '2026-01-24 17:00:00', NULL, TIMESTAMP '2026-01-22 09:00:00', 'SYSTEM', TIMESTAMP '2026-01-24 17:00:00', 'SYSTEM', 2),
(2014, 'USER04', 'ADMIN2', NULL, 'REJECTED', 'プロジェクターを申請する。', '貸出上限を超過しているため却下。', NULL, NULL, TIMESTAMP '2026-01-23 09:00:00', TIMESTAMP '2026-01-23 11:00:00', NULL, NULL, TIMESTAMP '2026-01-23 09:00:00', 'SYSTEM', TIMESTAMP '2026-01-23 11:00:00', 'SYSTEM', 1),
(2015, 'USER04', 'ADMIN1', 'ADMIN1', 'COMPLETED', '会議用に備品を申請する。', '承認済み。', '返却済み。', '返却確認済み。', TIMESTAMP '2026-01-24 09:00:00', TIMESTAMP '2026-01-24 10:00:00', TIMESTAMP '2026-01-26 16:00:00', TIMESTAMP '2026-01-26 17:00:00', TIMESTAMP '2026-01-24 09:00:00', 'SYSTEM', TIMESTAMP '2026-01-26 17:00:00', 'SYSTEM', 3);

INSERT INTO T_LENDING_REQUEST_DETAIL (LENDING_REQUEST_ID, EQUIPMENT_ID, CREATED_AT, CREATED_BY, UPDATED_AT, UPDATED_BY) VALUES
(2001, 1001, TIMESTAMP '2026-01-10 09:00:00', 'SYSTEM', TIMESTAMP '2026-01-10 09:00:00', 'SYSTEM'),
(2001, 1004, TIMESTAMP '2026-01-10 09:00:00', 'SYSTEM', TIMESTAMP '2026-01-10 09:00:00', 'SYSTEM'),
(2002, 1002, TIMESTAMP '2026-01-11 09:00:00', 'SYSTEM', TIMESTAMP '2026-01-11 10:00:00', 'SYSTEM'),
(2003, 1003, TIMESTAMP '2026-01-12 09:00:00', 'SYSTEM', TIMESTAMP '2026-01-14 17:00:00', 'SYSTEM'),
(2004, 1021, TIMESTAMP '2026-01-13 09:00:00', 'SYSTEM', TIMESTAMP '2026-01-13 11:00:00', 'SYSTEM'),
(2004, 1022, TIMESTAMP '2026-01-13 09:00:00', 'SYSTEM', TIMESTAMP '2026-01-13 11:00:00', 'SYSTEM'),
(2005, 1004, TIMESTAMP '2026-01-14 09:00:00', 'SYSTEM', TIMESTAMP '2026-01-16 17:00:00', 'SYSTEM'),
(2005, 1005, TIMESTAMP '2026-01-14 09:00:00', 'SYSTEM', TIMESTAMP '2026-01-16 17:00:00', 'SYSTEM'),
(2006, 1005, TIMESTAMP '2026-01-15 09:00:00', 'SYSTEM', TIMESTAMP '2026-01-15 09:00:00', 'SYSTEM'),
(2006, 1006, TIMESTAMP '2026-01-15 09:00:00', 'SYSTEM', TIMESTAMP '2026-01-15 09:00:00', 'SYSTEM'),
(2007, 1007, TIMESTAMP '2026-01-16 09:00:00', 'SYSTEM', TIMESTAMP '2026-01-16 10:00:00', 'SYSTEM'),
(2008, 1008, TIMESTAMP '2026-01-17 09:00:00', 'SYSTEM', TIMESTAMP '2026-01-19 17:00:00', 'SYSTEM'),
(2009, 1022, TIMESTAMP '2026-01-18 09:00:00', 'SYSTEM', TIMESTAMP '2026-01-18 11:00:00', 'SYSTEM'),
(2009, 1019, TIMESTAMP '2026-01-18 09:00:00', 'SYSTEM', TIMESTAMP '2026-01-18 11:00:00', 'SYSTEM'),
(2010, 1006, TIMESTAMP '2026-01-19 09:00:00', 'SYSTEM', TIMESTAMP '2026-01-21 17:00:00', 'SYSTEM'),
(2010, 1010, TIMESTAMP '2026-01-19 09:00:00', 'SYSTEM', TIMESTAMP '2026-01-21 17:00:00', 'SYSTEM'),
(2011, 1013, TIMESTAMP '2026-01-20 09:00:00', 'SYSTEM', TIMESTAMP '2026-01-20 09:00:00', 'SYSTEM'),
(2011, 1014, TIMESTAMP '2026-01-20 09:00:00', 'SYSTEM', TIMESTAMP '2026-01-20 09:00:00', 'SYSTEM'),
(2012, 1011, TIMESTAMP '2026-01-21 09:00:00', 'SYSTEM', TIMESTAMP '2026-01-21 10:00:00', 'SYSTEM'),
(2013, 1012, TIMESTAMP '2026-01-22 09:00:00', 'SYSTEM', TIMESTAMP '2026-01-24 17:00:00', 'SYSTEM'),
(2014, 1017, TIMESTAMP '2026-01-23 09:00:00', 'SYSTEM', TIMESTAMP '2026-01-23 11:00:00', 'SYSTEM'),
(2014, 1021, TIMESTAMP '2026-01-23 09:00:00', 'SYSTEM', TIMESTAMP '2026-01-23 11:00:00', 'SYSTEM'),
(2015, 1018, TIMESTAMP '2026-01-24 09:00:00', 'SYSTEM', TIMESTAMP '2026-01-26 17:00:00', 'SYSTEM'),
(2015, 1020, TIMESTAMP '2026-01-24 09:00:00', 'SYSTEM', TIMESTAMP '2026-01-26 17:00:00', 'SYSTEM');

ALTER SEQUENCE SEQ_T_LENDING_REQUEST_ID RESTART WITH 2016;
